AddedLine1,,,,,,
AddedLine2,,,,,,
AddedLine3,,,,,,
AddedLine4,,,,,,
AddedLine5,,,,,,
Details,Posting Date,Description,Amount,Type,Balance,Check or Slip #
CREDIT,06/09/2026,"ORIG CO NAME:Rasier, LLC      CO ENTRY DESCR:PARTNER    SEC:PPD                        ORIG ID:2452647441",973.66,ACH_CREDIT, ,
DEBIT,06/08/2026,HMF              HMFUSA.com                 PPD ID: 9200704262,-633.78,ACH_DEBIT,235.6,
CREDIT,06/03/2026,STRIPE           Lyft 06-02 ST-C8H9M2E7V9N7 CCD ID: 1800948598,46.92,ACH_CREDIT,869.38,
CREDIT,06/02/2026,RAISER 6795      EDI PAYMNT 5UNFE5V1C54GTT8 CCD ID: 3800896455,797.78,ACH_CREDIT,822.46,
DEBIT,06/01/2026,Zelle payment to ChaitaliPatelAllyBnkZeleMntExpns JPM99cj32ic0,-2000,CHASE_TO_PARTNERFI,24.68,
DEBIT,06/01/2026,Online Transfer 29431693417 to Discover Checking Account ######1473 transaction #: 29431693417 06/01,-350,ACCT_XFER,2024.68,
DEBIT,05/27/2026,CHASE CREDIT CRD AUTOPAY                    PPD ID: 4760039224,-582.71,ACH_DEBIT,2374.68,
CREDIT,05/27/2026,RAISER 6795      EDI PAYMNT 1APLN1LPUYXCZAX CCD ID: 3800896455,1047.31,ACH_CREDIT,2957.39,
DEBIT,05/20/2026,JET BRITE #1 855-047-7927 IL                 05/19,-30,DEBIT_CARD,1910.08,
CREDIT,05/19/2026,RAISER 6795      EDI PAYMNT H30UTFZ8B0FGNP2 CCD ID: 3800896455,917.08,ACH_CREDIT,1940.08,
DEBIT,05/18/2026,Online Transfer 29256010412 to Discover Checking Account ######1473 transaction #: 29256010412 05/18,-596.13,ACCT_XFER,1023,
CREDIT,05/18/2026,ATM CASH DEPOSIT 05/17 600 N MEACHAM RD SCHAUMBURG IL,23,ATM,1619.13,
CREDIT,05/12/2026,RAISER 6795      EDI PAYMNT FZWULIF5RGPOKEM CCD ID: 3800896455,927.39,ACH_CREDIT,1596.13,
DEBIT,05/08/2026,HMF              HMFUSA.com                 PPD ID: 9200704262,-633.78,ACH_DEBIT,668.74,
CREDIT,05/05/2026,RAISER 6795      EDI PAYMNT VMA82CUPXGZ0RP3 CCD ID: 3800896455,928.68,ACH_CREDIT,1302.52,
DEBIT,05/04/2026,Discover (CONA)  NET/MOBILE 1473            WEB ID: 4510020271,-650,ACH_DEBIT,373.84,
CREDIT,05/04/2026,Zelle payment from CHIRAG PATEL DFS0DBK1CXIZ,600,PARTNERFI_TO_CHASE,1023.84,
CREDIT,05/04/2026,ATM CASH DEPOSIT 05/03 600 N MEACHAM RD SCHAUMBURG IL,13,ATM,423.84,
DEBIT,05/01/2026,Zelle payment to ChaitaliPatelAllyBnkZeleMntExpns JPM99cf8l23q,-2000,CHASE_TO_PARTNERFI,410.84,
CREDIT,04/28/2026,RAISER 6795      EDI PAYMNT Q5DEPSKULKU8G4V CCD ID: 3800896455,962.6,ACH_CREDIT,2410.84,
DEBIT,04/27/2026,CHASE CREDIT CRD AUTOPAY                    PPD ID: 4760039224,-4090.62,ACH_DEBIT,1448.24,
CREDIT,04/27/2026,Discover (CONA)  PREARRANGE                 PPD ID: 7510020271,1000,ACH_CREDIT,5538.86,
CREDIT,04/21/2026,RAISER 6795      EDI PAYMNT 19R18DJQWDU3YPC CCD ID: 3800896455,941.01,ACH_CREDIT,4538.86,
CREDIT,04/21/2026,Discover (CONA)  PREARRANGE                 PPD ID: 7510020271,1500,ACH_CREDIT,3597.85,
DEBIT,04/20/2026,JET BRITE #1 855-047-7927 IL                 04/19,-30,DEBIT_CARD,2097.85,
CREDIT,04/14/2026,RAISER 6795      EDI PAYMNT 2CYQXMBAWCPVHP2 CCD ID: 3800896455,872.6,ACH_CREDIT,2127.85,
CREDIT,04/07/2026,RAISER 6795      EDI PAYMNT 2IK2YF68UJ74B54 CCD ID: 3800896455,846.46,ACH_CREDIT,1255.25,
DEBIT,04/01/2026,Zelle payment to ChaitaliPatelAllyBnkZeleMntExpns JPM99cbdjeuo,-2000,CHASE_TO_PARTNERFI,408.79,
CREDIT,03/31/2026,RAISER 6795      EDI PAYMNT TQ74AZGAX9Y8FVJ CCD ID: 3800896455,377.32,ACH_CREDIT,2408.79,
DEBIT,03/27/2026,CHASE CREDIT CRD AUTOPAY                    PPD ID: 4760039224,-853.71,ACH_DEBIT,2031.47,
DEBIT,03/20/2026,JET BRITE #1 855-047-7927 IL                 03/19,-30,DEBIT_CARD,2885.18,
CREDIT,03/17/2026,RAISER 6795      EDI PAYMNT 2CUP6SGR5UFYJNL CCD ID: 3800896455,765.42,ACH_CREDIT,2915.18,
CREDIT,03/10/2026,RAISER 6795      EDI PAYMNT F7FUFGZEGZ6HDKZ CCD ID: 3800896455,768.54,ACH_CREDIT,2149.76,
DEBIT,03/03/2026,WF               PAYMENT                    PPD ID: 1272814169,-408.4,ACH_DEBIT,1381.22,
DEBIT,03/03/2026,Discover (CONA)  NET/MOBILE 1473            WEB ID: 4510020271,-650,ACH_DEBIT,1789.62,
CREDIT,03/03/2026,RAISER 6795      EDI PAYMNT 81YU5DJZ20Z5KCN CCD ID: 3800896455,628.54,ACH_CREDIT,2439.62,
DEBIT,03/02/2026,Zelle payment to ChaitaliPatelAllyBnkZeleMntExpns JPM99c7cayj8,-2000,CHASE_TO_PARTNERFI,1811.08,
DEBIT,02/27/2026,CHASE CREDIT CRD AUTOPAY                    PPD ID: 4760039224,-794.9,ACH_DEBIT,3811.08,
CREDIT,02/24/2026,RAISER 6795      EDI PAYMNT FXF8GDKI5D5O9J1 CCD ID: 3800896455,833.47,ACH_CREDIT,4605.98,
DEBIT,02/20/2026,JET BRITE #1 855-047-7927 IL                 02/19,-30,DEBIT_CARD,3772.51,
CREDIT,02/18/2026,RAISER 6795      EDI PAYMNT 2FDBU52WDY0YDTQ CCD ID: 3800896455,850.92,ACH_CREDIT,3802.51,
CREDIT,02/10/2026,RAISER 6795      EDI PAYMNT 89PW7VXR43AZ0BY CCD ID: 3800896455,717.89,ACH_CREDIT,2951.59,
DEBIT,02/03/2026,WF               PAYMENT                    PPD ID: 1272814169,-408.4,ACH_DEBIT,2233.7,
DEBIT,02/03/2026,Discover (CONA)  NET/MOBILE 1473            WEB ID: 4510020271,-650,ACH_DEBIT,2642.1,
CREDIT,02/03/2026,RAISER 6795      EDI PAYMNT HPMYRLK5SOAF7BH CCD ID: 3800896455,966.31,ACH_CREDIT,3292.1,
DEBIT,02/02/2026,Zelle payment to ChaitaliPatelAllyBnkZeleMntExpns JPM99c41mkcl,-2000,CHASE_TO_PARTNERFI,2325.79,
CREDIT,01/28/2026,STRIPE           Lyft 01-27 ST-E9U5Y8D3Z4O8 CCD ID: 4270465600,0.62,ACH_CREDIT,4325.79,
DEBIT,01/27/2026,CHASE CREDIT CRD AUTOPAY                    PPD ID: 4760039224,-845.46,ACH_DEBIT,4325.17,
CREDIT,01/27/2026,RAISER 6795      EDI PAYMNT 15MKS7MJ54EAPX5 CCD ID: 3800896455,902.28,ACH_CREDIT,5170.63,
DEBIT,01/20/2026,JET BRITE #1 855-047-7927 IL                 01/19,-30,DEBIT_CARD,4268.35,
CREDIT,01/20/2026,RAISER 6795      EDI PAYMNT KE3IB4CDHHQJPVZ CCD ID: 3800896455,890.33,ACH_CREDIT,4298.35,
CREDIT,01/13/2026,RAISER 6795      EDI PAYMNT C4EGMKIW0UJDP9E CCD ID: 3800896455,1586.86,ACH_CREDIT,3408.02,
CREDIT,01/06/2026,RAISER 6795      EDI PAYMNT VI9CKNIN6BXDHL8 CCD ID: 3800896455,1342.3,ACH_CREDIT,1821.16,
DEBIT,01/05/2026,WF               PAYMENT                    PPD ID: 1272814169,-408.4,ACH_DEBIT,478.86,
DEBIT,12/30/2025,Zelle payment to ChaitaliPatelAllyBnkZeleMntExpns JPM99c08pats,-2500,CHASE_TO_PARTNERFI,887.26,
CREDIT,12/30/2025,RAISER 6795      EDI PAYMNT 15Y0P3N8QDZ7R5S CCD ID: 3800896455,1525.58,ACH_CREDIT,3387.26,
DEBIT,12/29/2025,CHASE CREDIT CRD AUTOPAY                    PPD ID: 4760039224,-1233.53,ACH_DEBIT,1861.68,
DEBIT,12/23/2025,IRS              USATAXPYMT 240575781753095 WEB ID: 3387702000,-4500,ACH_DEBIT,3095.21,
CREDIT,12/23/2025,RAISER 6795      EDI PAYMNT OAUOBB3XCT8JUXT CCD ID: 3800896455,1697.78,ACH_CREDIT,7595.21,
DEBIT,12/22/2025,JET BRITE #1 855-047-7927 IL                 12/19,-30,DEBIT_CARD,5897.43,
CREDIT,12/16/2025,RAISER 6795      EDI PAYMNT PTJBHVN4EL59Y6K CCD ID: 3800896455,1480.97,ACH_CREDIT,5927.43,
DEBIT,12/15/2025,Zelle payment to ChaitaliPatelAllyBnkZeleMntExpns JPM99bye1by0,-32,CHASE_TO_PARTNERFI,4446.46,
CREDIT,12/09/2025,RAISER 6795      EDI PAYMNT ASLD80N2RXX1UE9 CCD ID: 3800896455,1688.72,ACH_CREDIT,4478.46,
DEBIT,12/03/2025,WF               PAYMENT                    PPD ID: 1272814169,-408.4,ACH_DEBIT,2789.74,
CREDIT,12/02/2025,RAISER 6795      EDI PAYMNT UY5MA0ZGCOVHQZV CCD ID: 3800896455,1356.65,ACH_CREDIT,3198.14,
DEBIT,12/01/2025,Zelle payment to ChaitaliPatelAllyBnkZeleMntExpns JPM99bwj908f,-2500,CHASE_TO_PARTNERFI,1841.49,
DEBIT,11/28/2025,CHASE CREDIT CRD AUTOPAY                    PPD ID: 4760039224,-3145.35,ACH_DEBIT,4341.49,
CREDIT,11/25/2025,RAISER 6795      EDI PAYMNT G6PBL9AXOCJJXJ6 CCD ID: 3800896455,1665.95,ACH_CREDIT,7486.84,
DEBIT,11/20/2025,JET BRITE #1 855-047-7927 IL                 11/19,-30,DEBIT_CARD,5820.89,
CREDIT,11/18/2025,RAISER 6795      EDI PAYMNT YQVEP17H9XELA32 CCD ID: 3800896455,1791.5,ACH_CREDIT,5850.89,
DEBIT,11/17/2025,Zelle payment to ChaitaliPatelAllyBnkZeleMntExpns JPM99buy1t3p,-49,CHASE_TO_PARTNERFI,4059.39,
DEBIT,11/17/2025,Zelle payment to ChaitaliPatelAllyBnkZeleMntExpns JPM99buxqj42,-650,CHASE_TO_PARTNERFI,4108.39,
CREDIT,11/12/2025,RAISER 6795      EDI PAYMNT QZ1D5DLUCDIO59L CCD ID: 3800896455,1570.94,ACH_CREDIT,4758.39,
DEBIT,11/10/2025,SANTBK SV WEBXFR TNTRANSFER 15486510361     WEB ID: 3770527921,-2850,ACH_DEBIT,3187.45,
CREDIT,11/04/2025,RAISER 6795      EDI PAYMNT SO4O85D4EMJNLO6 CCD ID: 3800896455,1662.89,ACH_CREDIT,6037.45,
DEBIT,11/03/2025,WF               PAYMENT                    PPD ID: 1272814169,-408.4,ACH_DEBIT,4374.56,
DEBIT,11/03/2025,Zelle payment to ChaitaliPatelAllyBnkZeleMntExpns JPM99bt2gnb2,-2500,CHASE_TO_PARTNERFI,4782.96,
CREDIT,10/28/2025,RAISER 6795      EDI PAYMNT BOWBH6NXE7PNNKF CCD ID: 3800896455,1605.73,ACH_CREDIT,7282.96,
DEBIT,10/27/2025,CHASE CREDIT CRD AUTOPAY                    PPD ID: 4760039224,-637.35,ACH_DEBIT,5677.23,
CREDIT,10/21/2025,RAISER 6795      EDI PAYMNT LXXT7TNOMG1N761 CCD ID: 3800896455,1642.65,ACH_CREDIT,6314.58,
DEBIT,10/20/2025,JET BRITE #1 855-047-7927 IL                 10/19,-30,DEBIT_CARD,4671.93,
CREDIT,10/15/2025,RAISER 6795      EDI PAYMNT 0WO2SRVHNO42J6O CCD ID: 3800896455,1638.53,ACH_CREDIT,4701.93,
CREDIT,10/07/2025,RAISER 6795      EDI PAYMNT 7CP9RU6C708CZZ9 CCD ID: 3800896455,1538.63,ACH_CREDIT,3063.4,
DEBIT,10/03/2025,WF               PAYMENT                    PPD ID: 1272814169,-408.4,ACH_DEBIT,1524.77,
DEBIT,10/01/2025,Zelle payment to ChaitaliPatelAllyBnkZeleMntExpns JPM99bp7u5u5,-2500,CHASE_TO_PARTNERFI,1933.17,
CREDIT,09/30/2025,RAISER 6795      EDI PAYMNT 272L3NDD2JJWIVI CCD ID: 3800896455,1250.3,ACH_CREDIT,4433.17,
DEBIT,09/29/2025,CHASE CREDIT CRD AUTOPAY                    PPD ID: 4760039224,-1245.66,ACH_DEBIT,3182.87,
CREDIT,09/23/2025,RAISER 6795      EDI PAYMNT ZCJNAHQS3RMM2EB CCD ID: 3800896455,1233.81,ACH_CREDIT,4428.53,
DEBIT,09/22/2025,JET BRITE #1 855-047-7927 IL                 09/19,-30,DEBIT_CARD,3194.72,
DEBIT,09/17/2025,IRS              USATAXPYMT 240566013962010 WEB ID: 3387702000,-1800,ACH_DEBIT,3224.72,
CREDIT,09/16/2025,RAISER 6795      EDI PAYMNT ECPUMRLBITRL2UV CCD ID: 3800896455,1129.94,ACH_CREDIT,5024.72,
CREDIT,09/09/2025,RAISER 6795      EDI PAYMNT GJFC9ICAL9GE8LE CCD ID: 3800896455,699.15,ACH_CREDIT,3894.78,
DEBIT,09/03/2025,WF               PAYMENT                    PPD ID: 1272814169,-408.4,ACH_DEBIT,3195.63,
CREDIT,09/03/2025,STRIPE           Lyft 09-02 ST-Q7R1E1E5V9J8 CCD ID: 1800948598,644.1,ACH_CREDIT,3604.03,
DEBIT,09/02/2025,Zelle payment to ChaitaliPatelAllyBnkZeleMntExpns JPM99bli1aql,-2000,CHASE_TO_PARTNERFI,2959.93,
CREDIT,09/02/2025,RAISER 6795      EDI PAYMNT WCQPL3VUQRHL8P6 CCD ID: 3800896455,0.01,ACH_CREDIT,4959.93,
DEBIT,08/27/2025,CHASE CREDIT CRD AUTOPAY                    PPD ID: 4760039224,-1400.13,ACH_DEBIT,4959.92,
CREDIT,08/27/2025,STRIPE           Lyft 08-26 ST-X4R2R0H1A5U9 CCD ID: 4270465600,1248.59,ACH_CREDIT,6360.05,
DEBIT,08/20/2025,JET BRITE #1 855-047-7927 IL                 08/19,-30,DEBIT_CARD,5111.46,
CREDIT,08/20/2025,STRIPE           Lyft 08-19 ST-H0C9K1T8B1G0 CCD ID: 1800948598,1380.14,ACH_CREDIT,5141.46,
CREDIT,08/13/2025,STRIPE           Lyft 08-12 ST-F2O6Y8K7Z6Y7 CCD ID: 4270465600,1335.81,ACH_CREDIT,3761.32,
CREDIT,08/06/2025,STRIPE           Lyft 08-05 ST-T7S3K3Y7O9G7 CCD ID: 1800948598,1395.04,ACH_CREDIT,2425.51,
DEBIT,08/04/2025,WF               PAYMENT                    PPD ID: 1272814169,-408.4,ACH_DEBIT,1030.47,
DEBIT,07/30/2025,Online Transfer 25657327546 to Discover Checking Account ######1473 transaction #: 25657327546 07/30,-2000,ACCT_XFER,1438.87,
DEBIT,07/30/2025,Zelle payment to ChaitaliPatelAllyBnkZeleMntExpns JPM99bhhqmlb,-2500,CHASE_TO_PARTNERFI,3438.87,
CREDIT,07/30/2025,STRIPE           Lyft 07-29 ST-H8E9T3Z3U4C7 CCD ID: 4270465600,1402.23,ACH_CREDIT,5938.87,
DEBIT,07/28/2025,CHASE CREDIT CRD AUTOPAY                    PPD ID: 4760039224,-960.14,ACH_DEBIT,4536.64,
CREDIT,07/23/2025,STRIPE           LYFT 07-22 ST-M9K2Z2G5L9D7 CCD ID:  800948598,1338.42,ACH_CREDIT,5496.78,
DEBIT,07/21/2025,JET BRITE #1 855-047-7927 IL                 07/19,-30,DEBIT_CARD,4158.36,
CREDIT,07/16/2025,STRIPE           Lyft 07-15 ST-B9D3T3M1K5G9 CCD ID: 4270465600,1264.21,ACH_CREDIT,4188.36,
CREDIT,07/09/2025,STRIPE           Lyft 07-08 ST-S5O5I8K9K4H8 CCD ID: 1800948598,1281.81,ACH_CREDIT,2924.15,
DEBIT,07/03/2025,WF               PAYMENT                    PPD ID: 1272814169,-408.4,ACH_DEBIT,1642.34,
CREDIT,07/02/2025,STRIPE           Lyft 07-01 ST-J4W6S8L9R4X1 CCD ID: 4270465600,1413.06,ACH_CREDIT,2050.74,
DEBIT,07/01/2025,Zelle payment to ChaitaliPatelAllyBnkZeleMntExpns JPM99be3ralv,-2500,CHASE_TO_PARTNERFI,637.68,
DEBIT,06/27/2025,CHASE CREDIT CRD AUTOPAY                    PPD ID: 4760039224,-1002.68,ACH_DEBIT,3137.68,
CREDIT,06/25/2025,STRIPE           Lyft 06-24 ST-Q6O9M9T4T6I4 CCD ID: 1800948598,1265.21,ACH_CREDIT,4140.36,
DEBIT,06/23/2025,IRS              USATAXPYMT 240557480231554 WEB ID: 3387702000,-1800,ACH_DEBIT,2875.15,
DEBIT,06/20/2025,JET BRITE #1 855-047-7927 IL                 06/19,-30,DEBIT_CARD,4675.15,
CREDIT,06/18/2025,STRIPE           Lyft 06-17 ST-T5X4K7W4T1B2 CCD ID: 4270465600,1538.1,ACH_CREDIT,4705.15,
CREDIT,06/11/2025,STRIPE           Lyft 06-10 ST-Z5Q0H6U1B4A2 CCD ID: 4270465600,1496.08,ACH_CREDIT,3167.05,
DEBIT,06/04/2025,Online Transfer 25007009171 to Discover Checking Account ######1473 transaction #: 25007009171 06/04,-2000,ACCT_XFER,1670.97,
CREDIT,06/04/2025,STRIPE           Lyft 06-03 ST-R8N4K1R9J9Z6 CCD ID: 4270465600,1327,ACH_CREDIT,3670.97,
DEBIT,06/03/2025,WF               PAYMENT                    PPD ID: 1272814169,-408.4,ACH_DEBIT,2343.97,
DEBIT,06/02/2025,Zelle payment to Chaitali Patel-Ally Bank (Zelle) JPM99bajoi5s,-2500,CHASE_TO_PARTNERFI,2752.37,
CREDIT,05/28/2025,STRIPE           Lyft 05-27 ST-P6Q2F0E7A0T8 CCD ID: 4270465600,1278.9,ACH_CREDIT,5252.37,
DEBIT,05/27/2025,CHASE CREDIT CRD AUTOPAY                    PPD ID: 4760039224,-1399.72,ACH_DEBIT,3973.47,
CREDIT,05/21/2025,STRIPE           Lyft 05-20 ST-G7P2U0Q2D1P9 CCD ID: 4270465600,1430.58,ACH_CREDIT,5373.19,
DEBIT,05/20/2025,JET BRITE #1 855-047-7927 IL                 05/19,-30,DEBIT_CARD,3942.61,
CREDIT,05/14/2025,STRIPE           Lyft 05-13 ST-E9T1Y1W8V0R3 CCD ID: 1800948598,1334.36,ACH_CREDIT,3972.61,
CREDIT,05/07/2025,STRIPE           Lyft 05-06 ST-L9U0U1Z4D8T6 CCD ID: 1800948598,1352.94,ACH_CREDIT,2638.25,
DEBIT,05/05/2025,WF               PAYMENT                    PPD ID: 1272814169,-408.4,ACH_DEBIT,1285.31,
DEBIT,05/01/2025,Zelle payment to Chaitali Patel-Ally Bank (Zelle) JPM99b6rchmj,-2500,CHASE_TO_PARTNERFI,1693.71,
CREDIT,04/30/2025,STRIPE           Lyft 04-29 ST-Q0H5P1Y3H9O6 CCD ID: 4270465600,1251.62,ACH_CREDIT,4193.71,
DEBIT,04/28/2025,CHASE CREDIT CRD AUTOPAY                    PPD ID: 4760039224,-973.66,ACH_DEBIT,2942.09,
DEBIT,04/28/2025,Zelle payment to Mr. Nuts Rodriguez Car Repair 24547051242,-80,QUICKPAY_DEBIT,3915.75,
CREDIT,04/23/2025,STRIPE           Lyft 04-22 ST-Z4R2Z0A1P6H0 CCD ID: 1800948598,1184.95,ACH_CREDIT,3995.75,
DEBIT,04/21/2025,CORPORATE FILINGS LLC 888-7898466 WY         04/19,-125,DEBIT_CARD,2810.8,
DEBIT,04/21/2025,JET BRITE #1 855-047-7927 IL                 04/19,-30,DEBIT_CARD,2935.8,
CREDIT,04/16/2025,STRIPE           Lyft 04-15 ST-A4A1I5P5W1F4 CCD ID: 4270465600,1071.86,ACH_CREDIT,2965.8,
CREDIT,04/09/2025,STRIPE           Lyft 04-08 ST-X4S9M7A4Z4D2 CCD ID: 1800948598,1179.69,ACH_CREDIT,1893.94,
DEBIT,04/03/2025,WF               PAYMENT                    PPD ID: 1272814169,-408.4,ACH_DEBIT,714.25,
DEBIT,04/02/2025,Online Transfer 24268096072 to Discover Checking Account ######1473 transaction #: 24268096072 04/02,-2000,ACCT_XFER,1122.65,
CREDIT,04/02/2025,STRIPE           Lyft 04-01 ST-D5T9C5N5A9W5 CCD ID: 4270465600,1182.35,ACH_CREDIT,3122.65,
DEBIT,04/01/2025,Zelle payment to Chaitali Patel-Ally Bank (Zelle) JPM99b3a9hs4,-2500,CHASE_TO_PARTNERFI,1940.3,
DEBIT,03/27/2025,CHASE CREDIT CRD AUTOPAY                    PPD ID: 4760039224,-1214.04,ACH_DEBIT,4440.3,
CREDIT,03/26/2025,STRIPE           Lyft 03-25 ST-O9F3V2J4W9C9 CCD ID: 4270465600,1527.21,ACH_CREDIT,5654.34,
DEBIT,03/20/2025,JET BRITE #1 855-047-7927 IL                 03/19,-30,DEBIT_CARD,4127.13,
CREDIT,03/19/2025,STRIPE           Lyft 03-18 ST-B6N4O9B4O9Z3 CCD ID: 4270465600,1247.73,ACH_CREDIT,4157.13,
CREDIT,03/12/2025,STRIPE           Lyft 03-11 ST-A6N8R1T1O9J2 CCD ID: 4270465600,1375.92,ACH_CREDIT,2909.4,
DEBIT,03/10/2025,IRS              USATAXPYMT 240546935311569 WEB ID: 3387702000,-1800,ACH_DEBIT,1533.48,
CREDIT,03/05/2025,STRIPE           Lyft 03-04 ST-F9T8O9I3V4S5 CCD ID: 4270465600,1233.33,ACH_CREDIT,3333.48,
DEBIT,03/03/2025,WF               PAYMENT                    PPD ID: 1272814169,-408.4,ACH_DEBIT,2100.15,
DEBIT,03/03/2025,Zelle payment to Chaitali Patel-Ally Bank (Zelle) JPM99aztsis2,-2500,CHASE_TO_PARTNERFI,2508.55,
DEBIT,02/27/2025,CHASE CREDIT CRD AUTOPAY                    PPD ID: 4760039224,-111.44,ACH_DEBIT,5008.55,
CREDIT,02/26/2025,STRIPE           Lyft 02-25 ST-F0W8C3U7W6K3 CCD ID: 4270465600,1286.59,ACH_CREDIT,5119.99,
DEBIT,02/20/2025,JET BRITE #1 855-047-7927 IL                 02/19,-30,DEBIT_CARD,3833.4,
CREDIT,02/19/2025,STRIPE           Lyft 02-18 ST-O5K9J4T3M0F4 CCD ID: 4270465600,1117.17,ACH_CREDIT,3863.4,
CREDIT,02/12/2025,STRIPE           Lyft 02-11 ST-Y1N5X0I8J7Q5 CCD ID: 4270465600,1159.2,ACH_CREDIT,2746.23,
CREDIT,02/05/2025,STRIPE           Lyft 02-04 ST-X8W4D4G1U1W4 CCD ID: 4270465600,1063.45,ACH_CREDIT,1587.03,
DEBIT,02/03/2025,WF               PAYMENT                    PPD ID: 1272814169,-408.4,ACH_DEBIT,523.58,
DEBIT,01/29/2025,Online Transfer to CHK ...9085 transaction#: 23535204015 01/29,-2000,ACCT_XFER,931.98,
CREDIT,01/29/2025,STRIPE           Lyft 01-28 ST-H1O9T6Z7P0Q7 CCD ID: 4270465600,1164.38,ACH_CREDIT,2931.98,
DEBIT,01/27/2025,EXXON 7-ELEVEN 41161 ADDISON IL              01/24,-21.6,DEBIT_CARD,1767.6,
DEBIT,01/24/2025,EXXON ITASCA GAS & MART ITASCA IL            01/23,-19.58,DEBIT_CARD,1789.2,
DEBIT,01/23/2025,EXXON ROSELLE GAS & WAS ROSELLE IL           01/22,-18.5,DEBIT_CARD,1808.78,
DEBIT,01/22/2025,GOOGLE *Everlance g.co/helppay# CA           01/22,-109.99,DEBIT_CARD,1827.28,
DEBIT,01/22/2025,EXXON ROSELLE GAS & WAS ROSELLE IL           01/21,-27.09,DEBIT_CARD,1937.27,
DEBIT,01/22/2025,IL TOLLWAY-AUTOREPLEN 800-824-7277 IL        01/21,-15,DEBIT_CARD,1964.36,
CREDIT,01/22/2025,STRIPE           Lyft 01-21 ST-W9S6H8Z7Y2J6 CCD ID: 4270465600,1191.99,ACH_CREDIT,1979.36,
DEBIT,01/21/2025,EXXON ROSELLE GAS & WAS ROSELLE IL           01/20,-25.05,DEBIT_CARD,787.37,
DEBIT,01/21/2025,EXXON ITASCA GAS & MART ITASCA IL            01/19,-23,DEBIT_CARD,812.42,
DEBIT,01/21/2025,JET BRITE #1 855-047-7927 IL                 01/19,-30,DEBIT_CARD,835.42,
DEBIT,01/21/2025,EXXON ROSELLE GAS & WAS ROSELLE IL           01/17,-20.57,DEBIT_CARD,865.42,
DEBIT,01/17/2025,EXXON ROSELLE GAS & WAS ROSELLE IL           01/16,-21.97,DEBIT_CARD,885.99,
DEBIT,01/16/2025,EXXON PATKO OIL INC ELK GROVE VIL IL         01/15,-18.25,DEBIT_CARD,907.96,
DEBIT,01/15/2025,Online Transfer to CHK ...9085 transaction#: 23389739512 01/15,-1000,ACCT_XFER,926.21,
DEBIT,01/15/2025,EXXON ITASCA GAS & MART ITASCA IL            01/14,-18.55,DEBIT_CARD,1926.21,
CREDIT,01/15/2025,STRIPE           Lyft 01-14 ST-I1E5U4Z2N7B2 CCD ID: 4270465600,1342.36,ACH_CREDIT,1944.76,
DEBIT,01/14/2025,EXXON ROSELLE GAS & WAS ROSELLE IL           01/13,-20.45,DEBIT_CARD,602.4,
DEBIT,01/14/2025,IL TOLLWAY-AUTOREPLEN 800-824-7277 IL        01/13,-15,DEBIT_CARD,622.85,
DEBIT,01/13/2025,EXXON ITASCA GAS & MART ITASCA IL            01/12,-22.76,DEBIT_CARD,637.85,
DEBIT,01/13/2025,ADDISON AUTO REPAIR ADDISON IL               01/11,-128.21,DEBIT_CARD,660.61,
DEBIT,01/13/2025,EXXON ROSELLE GAS & WAS ROSELLE IL           01/10,-19.37,DEBIT_CARD,788.82,
DEBIT,01/10/2025,EXXON ROSELLE GAS & WAS ROSELLE IL           01/09,-21.67,DEBIT_CARD,808.19,
DEBIT,01/09/2025,EXXON ROSELLE GAS & WAS ROSELLE IL           01/08,-23.4,DEBIT_CARD,829.86,
DEBIT,01/08/2025,Online Transfer to CHK ...9085 transaction#: 23317733062 01/08,-500,ACCT_XFER,853.26,
DEBIT,01/08/2025,EXXON ROSELLE GAS & WAS ROSELLE IL           01/07,-21.62,DEBIT_CARD,1353.26,
CREDIT,01/08/2025,STRIPE           Lyft 01-07 ST-Q1W7Y6X3Y5O3 CCD ID: 4270465600,1263.2,ACH_CREDIT,1374.88,
DEBIT,01/07/2025,EXXON ROSELLE GAS & WAS ROSELLE IL           01/06,-18.91,DEBIT_CARD,111.68,
DEBIT,01/06/2025,CORPORATE FILINGS LLC 888-7898466 WY         01/05,-177,DEBIT_CARD,130.59,
DEBIT,01/06/2025,EXXON ROSELLE GAS & WAS ROSELLE IL           01/05,-22.88,DEBIT_CARD,307.59,
DEBIT,01/06/2025,EXXON ROSELLE GAS & WAS ROSELLE IL           01/03,-18.94,DEBIT_CARD,330.47,
DEBIT,01/03/2025,WF               PAYMENT                    PPD ID: 1272814169,-408.4,ACH_DEBIT,349.41,
DEBIT,01/03/2025,EXXON ROSELLE GAS & WAS ROSELLE IL           01/02,-24.14,DEBIT_CARD,757.81,
DEBIT,01/03/2025,IL TOLLWAY-AUTOREPLEN 800-824-7277 IL        01/02,-15,DEBIT_CARD,781.95,
DEBIT,01/02/2025,Online Transfer to CHK ...9085 transaction#: 23250892854 01/02,-2500,ACCT_XFER,796.95,
DEBIT,01/02/2025,EXXON ROSELLE GAS & WAS ROSELLE IL           01/01,-25.93,DEBIT_CARD,3296.95,
DEBIT,01/02/2025,EXXON ROSELLE GAS & WAS ROSELLE IL           12/31,-20.81,DEBIT_CARD,3322.88,
CREDIT,01/02/2025,STRIPE           Lyft 12-31 ST-H1S2R5L6B0B6 CCD ID: 4270465600,1190.55,ACH_CREDIT,3343.69,
DEBIT,12/31/2024,EXXON ROSELLE GAS & WAS ROSELLE IL           12/30,-18.48,DEBIT_CARD,2153.14,
DEBIT,12/30/2024,eBay O*14-12510-54771 408-3766151 CA         12/29,-11.21,DEBIT_CARD,2171.62,
DEBIT,12/30/2024,EXXON ROSELLE GAS & WAS ROSELLE IL           12/29,-21.4,DEBIT_CARD,2182.83,
DEBIT,12/30/2024,EXXON ROSELLE GAS & WAS ROSELLE IL           12/27,-19.67,DEBIT_CARD,2204.23,
DEBIT,12/27/2024,EXXON ROSELLE GAS & WAS ROSELLE IL           12/26,-20.07,DEBIT_CARD,2223.9,
DEBIT,12/26/2024,EXXON ROSELLE GAS & WAS ROSELLE IL           12/25,-23.01,DEBIT_CARD,2243.97,
DEBIT,12/26/2024,IL TOLLWAY-AUTOREPLEN 800-824-7277 IL        12/25,-15,DEBIT_CARD,2266.98,
DEBIT,12/26/2024,EXXON ROSELLE GAS & WAS ROSELLE IL           12/24,-22.47,DEBIT_CARD,2281.98,
CREDIT,12/26/2024,STRIPE           Lyft 12-24 ST-I4Z4G1R8Q0R3 CCD ID: 4270465600,1625.91,ACH_CREDIT,2304.45,
DEBIT,12/24/2024,EXXON ROSELLE GAS & WAS ROSELLE IL           12/23,-19.87,DEBIT_CARD,678.54,
DEBIT,12/23/2024,EXXON ROSELLE GAS & WAS ROSELLE IL           12/22,-29.81,DEBIT_CARD,698.41,
DEBIT,12/23/2024,ADDISON AUTO REPAIR ADDISON IL               12/21,-89.19,DEBIT_CARD,728.22,
DEBIT,12/23/2024,EXXON ROSELLE GAS & WAS ROSELLE IL           12/20,-26.61,DEBIT_CARD,817.41,
DEBIT,12/23/2024,IL TOLLWAY-AUTOREPLEN 800-824-7277 IL        12/20,-15,DEBIT_CARD,844.02,
DEBIT,12/20/2024,EXXON ROSELLE GAS & WAS ROSELLE IL           12/19,-19.48,DEBIT_CARD,859.02,
DEBIT,12/20/2024,JET BRITE #1 855-047-7927 IL                 12/19,-30,DEBIT_CARD,878.5,
DEBIT,12/19/2024,EXXON ROSELLE GAS & WAS ROSELLE IL           12/18,-23.23,DEBIT_CARD,908.5,
DEBIT,12/18/2024,Online Transfer to CHK ...9085 transaction#: 23088964261 12/18,-2500,ACCT_XFER,931.73,
DEBIT,12/18/2024,EXXON ROSELLE GAS & WAS ROSELLE IL           12/17,-17.68,DEBIT_CARD,3431.73,
CREDIT,12/18/2024,STRIPE           Lyft 12-17 ST-E6L9I9R1E1H9 CCD ID: 4270465600,1565.42,ACH_CREDIT,3449.41,
DEBIT,12/17/2024,EXXON ROSELLE GAS & WAS ROSELLE IL           12/16,-16.63,DEBIT_CARD,1883.99,
DEBIT,12/16/2024,EXXON ROSELLE GAS & WAS ROSELLE IL           12/15,-21.63,DEBIT_CARD,1900.62,
DEBIT,12/16/2024,EXXON ROSELLE GAS & WAS ROSELLE IL           12/13,-20.71,DEBIT_CARD,1922.25,
DEBIT,12/13/2024,EXXON ROSELLE GAS & WAS ROSELLE IL           12/12,-20.28,DEBIT_CARD,1942.96,
DEBIT,12/12/2024,EXXON ROSELLE GAS & WAS ROSELLE IL           12/11,-24.03,DEBIT_CARD,1963.24,
DEBIT,12/12/2024,IL TOLLWAY-AUTOREPLEN 800-824-7277 IL        12/11,-15,DEBIT_CARD,1987.27,
DEBIT,12/11/2024,EXXON ROSELLE GAS & WAS ROSELLE IL           12/10,-18.52,DEBIT_CARD,2002.27,
CREDIT,12/11/2024,STRIPE           Lyft 12-10 ST-L8K6Y6V3Q6G3 CCD ID: 4270465600,1538.34,ACH_CREDIT,2020.79,
DEBIT,12/10/2024,EXXON ROSELLE GAS & WAS ROSELLE IL           12/09,-18.31,DEBIT_CARD,482.45,
DEBIT,12/09/2024,eBay O*05-12437-78924 408-3766151 CA         12/09,-11.21,DEBIT_CARD,500.76,
DEBIT,12/09/2024,EXXON ROSELLE GAS & WAS ROSELLE IL           12/08,-20.02,DEBIT_CARD,511.97,
DEBIT,12/09/2024,EXXON ROSELLE GAS & WAS ROSELLE IL           12/06,-23.21,DEBIT_CARD,531.99,
DEBIT,12/06/2024,EXXON ROSELLE GAS & WAS ROSELLE IL           12/05,-21.98,DEBIT_CARD,555.2,
DEBIT,12/05/2024,EXXON ROSELLE GAS & WAS ROSELLE IL           12/04,-25.43,DEBIT_CARD,577.18,
DEBIT,12/04/2024,Online Transfer to CHK ...9085 transaction#: 22933641503 12/04,-1000,ACCT_XFER,602.61,
DEBIT,12/04/2024,EXXON ROSELLE GAS & WAS ROSELLE IL           12/03,-19.19,DEBIT_CARD,1602.61,
CREDIT,12/04/2024,STRIPE           Lyft 12-03 ST-W5W4U4N3E9Q6 CCD ID: 4270465600,1314.65,ACH_CREDIT,1621.8,
DEBIT,12/03/2024,WF               PAYMENT                    PPD ID: 1272814169,-408.4,ACH_DEBIT,307.15,
DEBIT,12/03/2024,EXXON ROSELLE GAS & WAS ROSELLE IL           12/02,-25.49,DEBIT_CARD,715.55,
DEBIT,12/02/2024,Online Transfer to CHK ...9085 transaction#: 22906160249 12/02,-1500,ACCT_XFER,741.04,
DEBIT,12/02/2024,EXXON ROSELLE GAS & WAS ROSELLE IL           12/01,-24.32,DEBIT_CARD,2241.04,
DEBIT,12/02/2024,ADDISON AUTO REPAIR ADDISON IL               11/30,-89.19,DEBIT_CARD,2265.36,
DEBIT,12/02/2024,EXXON ROSELLE GAS & WAS ROSELLE IL           11/29,-22.76,DEBIT_CARD,2354.55,
DEBIT,11/29/2024,EXXON ROSELLE GAS & WAS ROSELLE IL           11/28,-22.54,DEBIT_CARD,2377.31,
DEBIT,11/29/2024,LEYDEN TIRES AND WHEE MELROSE PARK IL        11/28,-31.2,DEBIT_CARD,2399.85,
DEBIT,11/29/2024,EXXON ROSELLE GAS & WAS ROSELLE IL           11/27,-18.53,DEBIT_CARD,2431.05,
DEBIT,11/29/2024,IL TOLLWAY-AUTOREPLEN 800-824-7277 IL        11/27,-15,DEBIT_CARD,2449.58,
DEBIT,11/27/2024,EXXON ROSELLE GAS & WAS ROSELLE IL           11/26,-18.74,DEBIT_CARD,2464.58,
DEBIT,11/27/2024,PROGRESSIVE VISA DIRECT OH           656180  11/27,500,DEBIT_CARD,2483.32,
CREDIT,11/27/2024,STRIPE           Lyft 11-26 ST-K8G1U2T3G5S9 CCD ID: 4270465600,1454.25,ACH_CREDIT,1983.32,
DEBIT,11/26/2024,EXXON ROSELLE GAS & WAS ROSELLE IL           11/25,-19.02,DEBIT_CARD,529.07,
DEBIT,11/25/2024,EXXON ROSELLE GAS & WAS ROSELLE IL           11/24,-19.08,DEBIT_CARD,548.09,
DEBIT,11/25/2024,EXXON ROSELLE GAS & WAS ROSELLE IL           11/22,-16.4,DEBIT_CARD,567.17,
DEBIT,11/22/2024,EXXON ROSELLE GAS & WAS ROSELLE IL           11/21,-20.55,DEBIT_CARD,583.57,
DEBIT,11/21/2024,EXXON ROSELLE GAS & WAS ROSELLE IL           11/20,-21.91,DEBIT_CARD,604.12,
DEBIT,11/20/2024,Online Transfer to CHK ...9085 transaction#: 22775650750 11/20,-1500,ACCT_XFER,626.03,
DEBIT,11/20/2024,EXXON ROSELLE GAS & WAS ROSELLE IL           11/19,-19.44,DEBIT_CARD,2126.03,
DEBIT,11/20/2024,JET BRITE #1 855-047-7927 IL                 11/19,-30,DEBIT_CARD,2145.47,
CREDIT,11/20/2024,STRIPE           Lyft 11-19 ST-S2P3Z4N0W3W0 CCD ID: 4270465600,1249.4,ACH_CREDIT,2175.47,
DEBIT,11/19/2024,EXXON ROSELLE GAS & WAS ROSELLE IL           11/18,-20.3,DEBIT_CARD,926.07,
DEBIT,11/18/2024,EXXON ROSELLE GAS & WA ROSELLE IL            11/17,-7.62,DEBIT_CARD,946.37,
DEBIT,11/18/2024,EXXON ROSELLE GAS & WAS ROSELLE IL           11/17,-21.32,DEBIT_CARD,953.99,
DEBIT,11/18/2024,EXXON ROSELLE GAS & WAS ROSELLE IL           11/15,-16.61,DEBIT_CARD,975.31,
DEBIT,11/18/2024,IL TOLLWAY-AUTOREPLEN 800-824-7277 IL        11/15,-15,DEBIT_CARD,991.92,
DEBIT,11/15/2024,EXXON ROSELLE GAS & WAS ROSELLE IL           11/14,-16.63,DEBIT_CARD,1006.92,
DEBIT,11/14/2024,EXXON ROSELLE GAS & WAS ROSELLE IL           11/13,-21.91,DEBIT_CARD,1023.55,
DEBIT,11/13/2024,Online Transfer to CHK ...9085 transaction#: 22698789150 11/13,-1500,ACCT_XFER,1045.46,
DEBIT,11/13/2024,EXXON ROSELLE GAS & WAS ROSELLE IL           11/12,-20.93,DEBIT_CARD,2545.46,
CREDIT,11/13/2024,STRIPE           Lyft 11-12 ST-J3E2G9I7K7U8 CCD ID: 4270465600,1345.93,ACH_CREDIT,2566.39,
DEBIT,11/12/2024,EXXON ROSELLE GAS & WAS ROSELLE IL           11/11,-20.72,DEBIT_CARD,1220.46,
DEBIT,11/12/2024,EXXON ROSELLE GAS & WAS ROSELLE IL           11/10,-21.77,DEBIT_CARD,1241.18,
DEBIT,11/12/2024,ADDISON AUTO REPAIR ADDISON IL               11/09,-604.58,DEBIT_CARD,1262.95,
DEBIT,11/12/2024,EXXON ROSELLE GAS & WAS ROSELLE IL           11/08,-18.12,DEBIT_CARD,1867.53,
DEBIT,11/12/2024,IL TOLLWAY-AUTOREPLEN 800-824-7277 IL        11/08,-15,DEBIT_CARD,1885.65,
DEBIT,11/12/2024,LYFT   *XD DEPOSIT WWW.LYFT.COM CA           11/07,350,DEBIT_CARD,1900.65,
DEBIT,11/08/2024,EXXON ROSELLE GAS & WAS ROSELLE IL           11/07,-21.12,DEBIT_CARD,1550.65,
DEBIT,11/07/2024,EXXON ROSELLE GAS & WAS ROSELLE IL           11/06,-25.39,DEBIT_CARD,1571.77,
DEBIT,11/06/2024,EXXON PATKO OIL INC ELK GROVE VIL IL         11/05,-20.67,DEBIT_CARD,1597.16,
DEBIT,11/06/2024,EXXON ROSELLE GAS & WAS ROSELLE IL           11/04,-20.29,DEBIT_CARD,1617.83,
CREDIT,11/06/2024,STRIPE           Lyft 11-05 ST-G2S1F7T3F2J1 CCD ID: 4270465600,1344.24,ACH_CREDIT,1638.12,
DEBIT,11/04/2024,WF               PAYMENT                    PPD ID: 1272814169,-408.4,ACH_DEBIT,293.88,
DEBIT,11/04/2024,EXXON ROSELLE GAS & WAS ROSELLE IL           11/03,-22.71,DEBIT_CARD,702.28,
DEBIT,11/04/2024,IL TOLLWAY-AUTOREPLEN 800-824-7277 IL        11/02,-15,DEBIT_CARD,724.99,
DEBIT,11/04/2024,EXXON ROSELLE GAS & WAS ROSELLE IL           11/01,-23.44,DEBIT_CARD,739.99,
DEBIT,11/01/2024,EXXON ROSELLE GAS & WAS ROSELLE IL           10/31,-20.58,DEBIT_CARD,763.43,
DEBIT,10/31/2024,EXXON ROSELLE GAS & WAS ROSELLE IL           10/30,-20.89,DEBIT_CARD,784.01,
DEBIT,10/30/2024,Online Transfer to CHK ...9085 transaction#: 22540178017 10/30,-500,ACCT_XFER,804.9,
DEBIT,10/30/2024,EXXON ROSELLE GAS & WAS ROSELLE IL           10/29,-17.81,DEBIT_CARD,1304.9,
CREDIT,10/30/2024,STRIPE           Lyft 10-29 ST-Q1H0D0S3O0J7 CCD ID: 4270465600,1037.04,ACH_CREDIT,1322.71,
DEBIT,10/29/2024,EXXON ROSELLE GAS & WAS ROSELLE IL           10/28,-20.96,DEBIT_CARD,285.67,
DEBIT,10/28/2024,EXXON ROSELLE GAS & WAS ROSELLE IL           10/27,-20.07,DEBIT_CARD,306.63,
DEBIT,10/28/2024,IL TOLLWAY-AUTOREPLEN 800-824-7277 IL        10/26,-15,DEBIT_CARD,326.7,
DEBIT,10/28/2024,EXXON ROSELLE GAS & WAS ROSELLE IL           10/25,-18.17,DEBIT_CARD,341.7,
DEBIT,10/25/2024,EXXON ROSELLE GAS & WAS ROSELLE IL           10/24,-21.6,DEBIT_CARD,359.87,
DEBIT,10/25/2024,CENTRAL GASNWASH EXPRES CHICAGO IL           10/24,-7,DEBIT_CARD,381.47,
DEBIT,10/24/2024,BP#9173782DIVIS CHICAGO IL                   10/24,-12.5,DEBIT_CARD,388.47,
DEBIT,10/24/2024,EXXON ROSELLE GAS & WAS ROSELLE IL           10/23,-19.26,DEBIT_CARD,400.97,
DEBIT,10/24/2024,Crash Champions 0739 - SCHAUMBURG IL         10/23,-500,DEBIT_CARD,420.23,
DEBIT,10/23/2024,Online Transfer to CHK ...9085 transaction#: 22468763167 10/23,-1000,ACCT_XFER,920.23,
DEBIT,10/23/2024,EXXON ROSELLE GAS & WAS ROSELLE IL           10/22,-13.25,DEBIT_CARD,1920.23,
CREDIT,10/23/2024,STRIPE           Lyft 10-22 ST-I7A9Y5N5D2M7 CCD ID: 4270465600,949.33,ACH_CREDIT,1933.48,
DEBIT,10/22/2024,EXXON ROSELLE GAS & WAS ROSELLE IL           10/21,-7.5,DEBIT_CARD,984.15,
DEBIT,10/22/2024,EXXON LAWRENCE OIL INC CHICAGO IL            10/21,-19.52,DEBIT_CARD,991.65,
DEBIT,10/21/2024,JET BRITE #1 855-047-7927 IL                 10/19,-30,DEBIT_CARD,1011.17,
DEBIT,10/21/2024,EXXON ROSELLE GAS & WAS ROSELLE IL           10/18,-14.22,DEBIT_CARD,1041.17,
DEBIT,10/18/2024,EXXON ROSELLE GAS & WAS ROSELLE IL           10/17,-18.59,DEBIT_CARD,1055.39,
DEBIT,10/17/2024,EXXON ROSELLE GAS & WAS ROSELLE IL           10/16,-15.37,DEBIT_CARD,1073.98,
DEBIT,10/16/2024,Online Transfer to CHK ...9085 transaction#: 22395907908 10/16,-1500,ACCT_XFER,1089.35,
DEBIT,10/16/2024,EXXON ROSELLE GAS & WAS ROSELLE IL           10/15,-14.76,DEBIT_CARD,2589.35,
CREDIT,10/16/2024,STRIPE           Lyft 10-15 ST-R1G4L2M9F0J3 CCD ID: 1800948598,1503.79,ACH_CREDIT,2604.11,
DEBIT,10/15/2024,EXXON ROSELLE GAS & WAS ROSELLE IL           10/14,-6.97,DEBIT_CARD,1100.32,
DEBIT,10/15/2024,EXXON ROSELLE GAS & WAS ROSELLE IL           10/11,-19.34,DEBIT_CARD,1107.29,
DEBIT,10/11/2024,EXXON ROSELLE GAS & WAS ROSELLE IL           10/10,-20.88,DEBIT_CARD,1126.63,
DEBIT,10/10/2024,EXXON ROSELLE GAS & WAS ROSELLE IL           10/09,-21.07,DEBIT_CARD,1147.51,
DEBIT,10/09/2024,Online Transfer to CHK ...9085 transaction#: 22322649921 10/09,-1000,ACCT_XFER,1168.58,
DEBIT,10/09/2024,EXXON ROSELLE GAS & WAS ROSELLE IL           10/08,-18.5,DEBIT_CARD,2168.58,
DEBIT,10/09/2024,IL TOLLWAY-AUTOREPLEN 800-824-7277 IL        10/08,-15,DEBIT_CARD,2187.08,
CREDIT,10/09/2024,STRIPE           Lyft 10-08 ST-R1K0C5G0L7F8 CCD ID: 4270465600,1350.44,ACH_CREDIT,2202.08,
DEBIT,10/08/2024,EXXON ROSELLE GAS & WAS ROSELLE IL           10/07,-18.12,DEBIT_CARD,851.64,
DEBIT,10/07/2024,EXXON ROSELLE GAS & WAS ROSELLE IL           10/05,-13.51,DEBIT_CARD,869.76,
DEBIT,10/07/2024,ADDISON AUTO REPAIR ADDISON IL       838195  10/05,-89.19,DEBIT_CARD,883.27,
DEBIT,10/07/2024,EXXON ROSELLE GAS & WAS ROSELLE IL           10/04,-19.52,DEBIT_CARD,972.46,
CREDIT,10/07/2024,Online Transfer from CHK ...9085 transaction#: 22296281520,791,ACCT_XFER,991.98,
DEBIT,10/04/2024,LYFT   *XD DEPOSIT WWW.LYFT.COM CA           10/04,-350,DEBIT_CARD,200.98,
DEBIT,10/04/2024,EXXON ROSELLE GAS & WAS ROSELLE IL           10/03,-19.61,DEBIT_CARD,550.98,
DEBIT,10/03/2024,WF               PAYMENT                    PPD ID: 1272814169,-408.4,ACH_DEBIT,570.59,
DEBIT,10/03/2024,eBay O*10-12146-96573 408-3766151 CA         10/03,-21.66,DEBIT_CARD,978.99,
DEBIT,10/03/2024,EXXON ROSELLE GAS & WAS ROSELLE IL           10/02,-18.77,DEBIT_CARD,1000.65,
DEBIT,10/02/2024,Online Transfer to CHK ...9085 transaction#: 22245814628 10/02,-1850,ACCT_XFER,1019.42,
DEBIT,10/02/2024,EXXON ROSELLE GAS & WAS ROSELLE IL           10/01,-17.7,DEBIT_CARD,2869.42,
DEBIT,10/02/2024,EXXON ROSELLE GAS & WAS ROSELLE IL           10/01,-23.1,DEBIT_CARD,2887.12,
CREDIT,10/02/2024,STRIPE           Lyft 10-01 ST-S2E4C1Q3C5Z8 CCD ID: 4270465600,1438.82,ACH_CREDIT,2910.22,
DEBIT,10/01/2024,IL TOLLWAY-AUTOREPLEN 800-824-7277 IL        09/30,-15,DEBIT_CARD,1471.4,
DEBIT,09/30/2024,EXXON ROSELLE GAS & WAS ROSELLE IL           09/29,-20.74,DEBIT_CARD,1486.4,
DEBIT,09/30/2024,EXXON ROSELLE GAS & WAS ROSELLE IL           09/28,-23.77,DEBIT_CARD,1507.14,
DEBIT,09/30/2024,EXXON ROSELLE GAS & WAS ROSELLE IL           09/27,-18.89,DEBIT_CARD,1530.91,
DEBIT,09/27/2024,EXXON ROSELLE GAS & WAS ROSELLE IL           09/26,-19.83,DEBIT_CARD,1549.8,
DEBIT,09/26/2024,EXXON ROSELLE GAS & WAS ROSELLE IL           09/25,-20.01,DEBIT_CARD,1569.63,
DEBIT,09/25/2024,Online Transfer to CHK ...9085 transaction#: 22164801695 09/25,-2500,ACCT_XFER,1589.64,
DEBIT,09/25/2024,EXXON ROSELLE GAS & WAS ROSELLE IL           09/24,-14.35,DEBIT_CARD,4089.64,
CREDIT,09/25/2024,STRIPE           Lyft 09-24 ST-I1P4H8Z7S8K1 CCD ID: 4270465600,1076.82,ACH_CREDIT,4103.99,
DEBIT,09/24/2024,TRAVELERS        PER INSUR  0967400         WEB ID: 0000408976,-1540,ACH_DEBIT,3027.17,
DEBIT,09/24/2024,EXXON ROSELLE GAS & WAS ROSELLE IL           09/23,-29.16,DEBIT_CARD,4567.17,
DEBIT,09/23/2024,IL TOLLWAY-AUTOREPLEN 800-824-7277 IL        09/23,-15,DEBIT_CARD,4596.33,
DEBIT,09/23/2024,EXXON ROSELLE GAS & WAS ROSELLE IL           09/21,-27.11,DEBIT_CARD,4611.33,
DEBIT,09/23/2024,IL TOLLWAY-AUTOREPLEN 800-824-7277 IL        09/20,-15,DEBIT_CARD,4638.44,
DEBIT,09/23/2024,EXXON ROSELLE GAS & WAS ROSELLE IL           09/20,-24.58,DEBIT_CARD,4653.44,
DEBIT,09/20/2024,EXXON ROSELLE GAS & WAS ROSELLE IL           09/19,-17.93,DEBIT_CARD,4678.02,
DEBIT,09/20/2024,JET BRITE #1 855-047-7927 IL                 09/19,-30,DEBIT_CARD,4695.95,
DEBIT,09/18/2024,WAL-MART #1897 ELK GROVE VIL IL              09/18,-7.57,DEBIT_CARD,4725.95,
DEBIT,09/18/2024,IL TOLLWAY-AUTOREPLEN 800-824-7277 IL        09/17,-15,DEBIT_CARD,4733.52,
CREDIT,09/18/2024,STRIPE           Lyft 09-17 ST-L1V7V5G8V9R0 CCD ID: 4270465600,1474.95,ACH_CREDIT,4748.52,
DEBIT,09/17/2024,EXXON ROSELLE GAS & WAS ROSELLE IL           09/16,-27.05,DEBIT_CARD,3273.57,
DEBIT,09/16/2024,ADDISON AUTO REPAIR ADDISON IL       027951  09/16,-89.19,DEBIT_CARD,3300.62,
DEBIT,09/16/2024,EXXON ROSELLE GAS & WAS ROSELLE IL           09/14,-22.04,DEBIT_CARD,3389.81,
DEBIT,09/16/2024,EXXON ROSELLE GAS & WAS ROSELLE IL           09/13,-29.31,DEBIT_CARD,3411.85,
DEBIT,09/13/2024,EXXON ROSELLE GAS & WAS ROSELLE IL           09/12,-20.58,DEBIT_CARD,3441.16,
DEBIT,09/12/2024,IL TOLLWAY-AUTOREPLEN 800-824-7277 IL        09/11,-15,DEBIT_CARD,3461.74,
DEBIT,09/12/2024,EXXON ROSELLE GAS & WAS ROSELLE IL           09/11,-21.22,DEBIT_CARD,3476.74,
DEBIT,09/11/2024,EXXON ROSELLE GAS & WAS ROSELLE IL           09/10,-12.52,DEBIT_CARD,3497.96,
CREDIT,09/11/2024,STRIPE           Lyft 09-10 ST-I2W0T5X0X8Q2 CCD ID: 4270465600,1158.32,ACH_CREDIT,3510.48,
DEBIT,09/10/2024,EXXON ROSELLE GAS & WAS ROSELLE IL           09/09,-24.68,DEBIT_CARD,2352.16,
DEBIT,09/09/2024,EXXON ROSELLE GAS & WAS ROSELLE IL           09/07,-23.01,DEBIT_CARD,2376.84,
DEBIT,09/09/2024,EXXON ROSELLE GAS & WAS ROSELLE IL           09/06,-25.01,DEBIT_CARD,2399.85,
DEBIT,09/06/2024,EXXON ROSELLE GAS & WAS ROSELLE IL           09/05,-20.37,DEBIT_CARD,2424.86,
DEBIT,09/05/2024,EXXON ROSELLE GAS & WAS ROSELLE IL           09/04,-26.58,DEBIT_CARD,2445.23,
CREDIT,09/04/2024,STRIPE           Lyft 09-03 ST-Z7N0F0K3K8G0 CCD ID: 4270465600,1474.7,ACH_CREDIT,2471.81,
DEBIT,09/03/2024,WF               PAYMENT                    PPD ID: 1272814169,-408.4,ACH_DEBIT,997.11,
DEBIT,09/03/2024,Online Transfer to CHK ...9085 transaction#: 21922260248 09/03,-1500,ACCT_XFER,1405.51,
DEBIT,09/03/2024,EXXON ROSELLE GAS & WAS ROSELLE IL           09/01,-25.88,DEBIT_CARD,2905.51,
DEBIT,09/03/2024,IL TOLLWAY-AUTOREPLEN 800-824-7277 IL        09/01,-15,DEBIT_CARD,2931.39,
DEBIT,09/03/2024,EXXON ROSELLE GAS & WAS ROSELLE IL           08/31,-24.82,DEBIT_CARD,2946.39,
DEBIT,09/03/2024,EXXON ROSELLE GAS & WAS ROSELLE IL           08/30,-22.38,DEBIT_CARD,2971.21,
DEBIT,08/30/2024,EXXON ROSELLE GAS & WAS ROSELLE IL           08/29,-21.84,DEBIT_CARD,2993.59,
DEBIT,08/29/2024,EXXON ROSELLE GAS & WAS ROSELLE IL           08/28,-24.3,DEBIT_CARD,3015.43,
DEBIT,08/28/2024,EXXON ROSELLE GAS & WAS ROSELLE IL           08/27,-16.12,DEBIT_CARD,3039.73,
CREDIT,08/28/2024,STRIPE           Lyft 08-27 ST-F4G0E8M0T2T4 CCD ID: 4270465600,1422.68,ACH_CREDIT,3055.85,
DEBIT,08/27/2024,EXXON ROSELLE GAS & WAS ROSELLE IL           08/26,-23.91,DEBIT_CARD,1633.17,
DEBIT,08/26/2024,ADDISON AUTO REPAIR ADDISON IL       441923  08/26,-128.21,DEBIT_CARD,1657.08,
DEBIT,08/26/2024,EXXON ROSELLE GAS & WAS ROSELLE IL           08/24,-22.24,DEBIT_CARD,1785.29,
DEBIT,08/26/2024,EXXON ROSELLE GAS & WAS ROSELLE IL           08/23,-22.95,DEBIT_CARD,1807.53,
DEBIT,08/23/2024,EXXON ROSELLE GAS & WAS ROSELLE IL           08/22,-28.99,DEBIT_CARD,1830.48,
DEBIT,08/22/2024,IL TOLLWAY-AUTOREPLEN 800-824-7277 IL        08/22,-15,DEBIT_CARD,1859.47,
DEBIT,08/22/2024,EXXON ROSELLE GAS & WAS ROSELLE IL           08/21,-22.72,DEBIT_CARD,1874.47,
DEBIT,08/21/2024,EXXON ROSELLE GAS & WAS ROSELLE IL           08/20,-17.05,DEBIT_CARD,1897.19,
CREDIT,08/21/2024,STRIPE           Lyft 08-20 ST-E4K9X1L8Y3M1 CCD ID: 4270465600,1456.67,ACH_CREDIT,1914.24,
DEBIT,08/20/2024,EXXON ITASCA GAS & MART ITASCA IL            08/19,-25.32,DEBIT_CARD,457.57,
DEBIT,08/20/2024,JET BRITE #1 855-047-7927 IL                 08/19,-30,DEBIT_CARD,482.89,
DEBIT,08/19/2024,EXXON ROSELLE GAS & WAS ROSELLE IL           08/17,-27.9,DEBIT_CARD,512.89,
DEBIT,08/19/2024,EXXON ROSELLE GAS & WAS ROSELLE IL           08/16,-26.79,DEBIT_CARD,540.79,
DEBIT,08/16/2024,MINT MOBILE 800-683-7392 CA                  08/16,-264.67,DEBIT_CARD,567.58,
DEBIT,08/16/2024,EXXON ROSELLE GAS & WAS ROSELLE IL           08/15,-24.94,DEBIT_CARD,832.25,
DEBIT,08/15/2024,EXXON ROSELLE GAS & WAS ROSELLE IL           08/14,-23.93,DEBIT_CARD,857.19,
DEBIT,08/14/2024,Online Transfer to CHK ...9085 transaction#: 21722981824 08/14,-1500,ACCT_XFER,881.12,
DEBIT,08/14/2024,IL TOLLWAY-AUTOREPLEN 800-824-7277 IL        08/14,-15,DEBIT_CARD,2381.12,
DEBIT,08/14/2024,EXXON ROSELLE GAS & WAS ROSELLE IL           08/13,-14.46,DEBIT_CARD,2396.12,
CREDIT,08/14/2024,STRIPE           Lyft 08-13 ST-O4N3Z8X6V7H0 CCD ID: 4270465600,1466.34,ACH_CREDIT,2410.58,
DEBIT,08/13/2024,EXXON ROSELLE GAS & WAS ROSELLE IL           08/12,-26.86,DEBIT_CARD,944.24,
DEBIT,08/12/2024,EXXON ROSELLE GAS & WAS ROSELLE IL           08/10,-27.56,DEBIT_CARD,971.1,
DEBIT,08/12/2024,EXXON ROSELLE GAS & WAS ROSELLE IL           08/09,-25.48,DEBIT_CARD,998.66,
DEBIT,08/09/2024,EXXON ROSELLE GAS & WAS ROSELLE IL           08/08,-22.62,DEBIT_CARD,1024.14,
DEBIT,08/08/2024,IL TOLLWAY-AUTOREPLEN 800-824-7277 IL        08/07,-15,DEBIT_CARD,1046.76,
DEBIT,08/08/2024,EXXON ROSELLE GAS & WAS ROSELLE IL           08/07,-27.16,DEBIT_CARD,1061.76,
DEBIT,08/07/2024,Online Transfer to CHK ...9085 transaction#: 21651967718 08/07,-1000,ACCT_XFER,1088.92,
DEBIT,08/07/2024,EXXON ROSELLE GAS & WAS ROSELLE IL           08/06,-16.1,DEBIT_CARD,2088.92,
CREDIT,08/07/2024,STRIPE           Lyft 08-06 ST-K6V4S3W2V9H7 CCD ID: 4270465600,1463.97,ACH_CREDIT,2105.02,
DEBIT,08/06/2024,EXXON ROSELLE GAS & WAS ROSELLE IL           08/05,-36.37,DEBIT_CARD,641.05,
DEBIT,08/05/2024,ADDISON AUTO REPAIR ADDISON IL       883727  08/05,-89.19,DEBIT_CARD,677.42,
DEBIT,08/05/2024,WF               PAYMENT                    PPD ID: 1272814169,-408.4,ACH_DEBIT,766.61,
DEBIT,08/05/2024,EXXON ROSELLE GAS & WAS ROSELLE IL           08/03,-28.42,DEBIT_CARD,1175.01,
DEBIT,08/05/2024,IL TOLLWAY-AUTOREPLEN 800-824-7277 IL        08/03,-15,DEBIT_CARD,1203.43,
DEBIT,08/05/2024,EXXON ROSELLE GAS & WAS ROSELLE IL           08/02,-31.88,DEBIT_CARD,1218.43,
DEBIT,08/02/2024,EXXON ROSELLE GAS & WAS ROSELLE IL           08/01,-24.74,DEBIT_CARD,1250.31,
DEBIT,08/01/2024,EXXON ROSELLE GAS & WAS ROSELLE IL           07/31,-25.53,DEBIT_CARD,1275.05,
DEBIT,07/31/2024,EBAYCOMMERCE SAN JOSE CA             805014  07/31,-18.79,DEBIT_CARD,1300.58,
DEBIT,07/31/2024,Online Transfer to CHK ...9085 transaction#: 21569358994 07/31,-1000,ACCT_XFER,1319.37,
DEBIT,07/31/2024,EXXON ROSELLE GAS & WAS ROSELLE IL           07/30,-12.06,DEBIT_CARD,2319.37,
CREDIT,07/31/2024,STRIPE           Lyft 07-30 ST-Y7Q7D4K8R1B5 CCD ID: 4270465600,1505.87,ACH_CREDIT,2331.43,
DEBIT,07/30/2024,IL TOLLWAY-AUTOREPLEN 800-824-7277 IL        07/30,-15,DEBIT_CARD,825.56,
DEBIT,07/30/2024,EXXON ROSELLE GAS & WAS ROSELLE IL           07/29,-29.76,DEBIT_CARD,840.56,
DEBIT,07/29/2024,EXXON ROSELLE GAS & WAS ROSELLE IL           07/27,-24.14,DEBIT_CARD,870.32,
DEBIT,07/29/2024,EXXON ROSELLE GAS & WAS ROSELLE IL           07/26,-27.61,DEBIT_CARD,894.46,
DEBIT,07/26/2024,EXXON ROSELLE GAS & WAS ROSELLE IL           07/25,-23.9,DEBIT_CARD,922.07,
DEBIT,07/25/2024,EBAYCOMMERCE SAN JOSE CA             786229  07/25,-9.34,DEBIT_CARD,945.97,
DEBIT,07/25/2024,IL TOLLWAY-AUTOREPLEN 800-824-7277 IL        07/24,-15,DEBIT_CARD,955.31,
DEBIT,07/25/2024,EXXON ROSELLE GAS & WAS ROSELLE IL           07/24,-29.79,DEBIT_CARD,970.31,
DEBIT,07/24/2024,Online Transfer to CHK ...9085 transaction#: 21500216580 07/24,-1020,ACCT_XFER,1000.1,
DEBIT,07/24/2024,EXXON ROSELLE GAS & WAS ROSELLE IL           07/23,-13,DEBIT_CARD,2020.1,
CREDIT,07/24/2024,STRIPE           Lyft 07-23 ST-I5M6W0O6H9T3 CCD ID: 4270465600,1377.32,ACH_CREDIT,2033.1,
DEBIT,07/23/2024,IL TOLLWAY-AUTOREPLEN 800-824-7277 IL        07/23,-15,DEBIT_CARD,655.78,
DEBIT,07/23/2024,EXXON ROSELLE GAS & WAS ROSELLE IL           07/22,-26.47,DEBIT_CARD,670.78,
DEBIT,07/23/2024,IL TOLLWAY-AUTOREPLEN 800-824-7277 IL        07/22,-15,DEBIT_CARD,697.25,
DEBIT,07/22/2024,Online Transfer to CHK ...9085 transaction#: 21484989479 07/22,-750,ACCT_XFER,712.25,
DEBIT,07/22/2024,EXXON ROSELLE GAS & WAS ROSELLE IL           07/20,-24.13,DEBIT_CARD,1462.25,
DEBIT,07/22/2024,EXXON ROSELLE GAS & WAS ROSELLE IL           07/19,-22.07,DEBIT_CARD,1486.38,
DEBIT,07/22/2024,JET BRITE #1 855-047-7927 IL                 07/19,-30,DEBIT_CARD,1508.45,
DEBIT,07/19/2024,EXXON ROSELLE GAS & WAS ROSELLE IL           07/18,-26.71,DEBIT_CARD,1538.45,
DEBIT,07/18/2024,IL TOLLWAY-AUTOREPLEN 800-824-7277 IL        07/18,-15,DEBIT_CARD,1565.16,
DEBIT,07/18/2024,EXXON ROSELLE GAS & WAS ROSELLE IL           07/17,-20.72,DEBIT_CARD,1580.16,
DEBIT,07/17/2024,Online Transfer to CHK ...9085 transaction#: 21432020534 07/17,-1500,ACCT_XFER,1600.88,
DEBIT,07/17/2024,EXXON ROSELLE GAS & WAS ROSELLE IL           07/16,-14.21,DEBIT_CARD,3100.88,
CREDIT,07/17/2024,STRIPE           Lyft 07-16 ST-N8D8N7O3T7X3 CCD ID: 4270465600,1430.26,ACH_CREDIT,3115.09,
DEBIT,07/16/2024,EXXON ROSELLE GAS & WAS ROSELLE IL           07/15,-30.29,DEBIT_CARD,1684.83,
DEBIT,07/15/2024,ADDISON AUTO REPAIR ADDISON IL       663912  07/15,-89.19,DEBIT_CARD,1715.12,
DEBIT,07/15/2024,EXXON ROSELLE GAS & WAS ROSELLE IL           07/13,-25.12,DEBIT_CARD,1804.31,
DEBIT,07/15/2024,EXXON ROSELLE GAS & WAS ROSELLE IL           07/12,-26.04,DEBIT_CARD,1829.43,
DEBIT,07/12/2024,DOLLARTRE 851 MEACHA ELK GROVE VIL IL        07/12,-6.88,DEBIT_CARD,1855.47,
DEBIT,07/12/2024,IL TOLLWAY-AUTOREPLEN 800-824-7277 IL        07/11,-15,DEBIT_CARD,1862.35,
DEBIT,07/12/2024,EXXON ROSELLE GAS & WAS ROSELLE IL           07/11,-27.55,DEBIT_CARD,1877.35,
DEBIT,07/11/2024,EXXON ROSELLE GAS & WAS ROSELLE IL           07/10,-28.3,DEBIT_CARD,1904.9,
DEBIT,07/10/2024,EXXON ROSELLE GAS & WAS ROSELLE IL           07/09,-20.33,DEBIT_CARD,1933.2,
CREDIT,07/10/2024,STRIPE           Lyft 07-09 ST-C2G0S8S3N3A3 CCD ID: 4270465600,1307.27,ACH_CREDIT,1953.53,
DEBIT,07/09/2024,EXXON ROSELLE GAS & WAS ROSELLE IL           07/08,-28.18,DEBIT_CARD,646.26,
DEBIT,07/08/2024,EXXON ROSELLE GAS & WAS ROSELLE IL           07/06,-26.78,DEBIT_CARD,674.44,
DEBIT,07/08/2024,THORNTONS #0005 CICERO IL                    07/05,-4.75,DEBIT_CARD,701.22,
DEBIT,07/08/2024,IL TOLLWAY-AUTOREPLEN 800-824-7277 IL        07/06,-15,DEBIT_CARD,705.97,
DEBIT,07/08/2024,EXXON ROSELLE GAS & WAS ROSELLE IL           07/05,-23.42,DEBIT_CARD,720.97,
DEBIT,07/05/2024,EXXON ROSELLE GAS & WAS ROSELLE IL           07/04,-21.5,DEBIT_CARD,744.39,
DEBIT,07/05/2024,EXXON ROSELLE GAS & WAS ROSELLE IL           07/03,-21.75,DEBIT_CARD,765.89,
DEBIT,07/03/2024,WF               PAYMENT                    PPD ID: 1272814169,-408.4,ACH_DEBIT,787.64,
DEBIT,07/03/2024,Online Transfer to CHK ...9085 transaction#: 21292330333 07/03,-1000,ACCT_XFER,1196.04,
DEBIT,07/03/2024,EXXON ROSELLE GAS & WAS ROSELLE IL           07/02,-15.08,DEBIT_CARD,2196.04,
CREDIT,07/03/2024,STRIPE           Lyft 07-02 ST-Y2Z9B4Z8D2Q5 CCD ID: 4270465600,1347.72,ACH_CREDIT,2211.12,
DEBIT,07/02/2024,EXXON ROSELLE GAS & WAS ROSELLE IL           07/01,-18.44,DEBIT_CARD,863.4,
DEBIT,07/01/2024,WAL-MART SUPER CENTE ELK GROVE VIL IL        07/01,-3.21,DEBIT_CARD,881.84,
DEBIT,07/01/2024,WALMART.COM 800-925-6278 AR                  07/01,-11.47,DEBIT_CARD,885.05,
DEBIT,07/01/2024,eBay O*10-11760-94270 408-3766151 CA         06/30,-8.79,DEBIT_CARD,896.52,
DEBIT,07/01/2024,EXXON ROSELLE GAS & WAS ROSELLE IL           06/29,-27.75,DEBIT_CARD,905.31,
DEBIT,07/01/2024,EXXON ROSELLE GAS & WAS ROSELLE IL           06/28,-22.84,DEBIT_CARD,933.06,
DEBIT,06/28/2024,EXXON ROSELLE GAS & WAS ROSELLE IL           06/27,-20.22,DEBIT_CARD,955.9,
DEBIT,06/27/2024,EXXON ROSELLE GAS & WAS ROSELLE IL           06/26,-24.55,DEBIT_CARD,976.12,
DEBIT,06/26/2024,Online Transfer to CHK ...9085 transaction#: 21210379803 06/26,-2300,ACCT_XFER,1000.67,
DEBIT,06/26/2024,EXXON ROSELLE GAS & WAS ROSELLE IL           06/25,-12.92,DEBIT_CARD,3300.67,
CREDIT,06/26/2024,STRIPE           Lyft 06-25 ST-G4C4Y9K7N6N5 CCD ID: 4270465600,1414.3,ACH_CREDIT,3313.59,
DEBIT,06/25/2024,EXXON ROSELLE GAS & WAS ROSELLE IL           06/24,-24.88,DEBIT_CARD,1899.29,
DEBIT,06/24/2024,ADDISON AUTO REPAIR ADDISON IL               06/24,-89.19,DEBIT_CARD,1924.17,
DEBIT,06/24/2024,EXXON ROSELLE GAS & WAS ROSELLE IL           06/22,-22.36,DEBIT_CARD,2013.36,
DEBIT,06/24/2024,EXXON ROSELLE GAS & WAS ROSELLE IL           06/21,-24.17,DEBIT_CARD,2035.72,
DEBIT,06/24/2024,TINTING CHICAGO PALATINE IL                  06/21,-370,DEBIT_CARD,2059.89,
DEBIT,06/21/2024,IL TOLLWAY-AUTOREPLEN 800-824-7277 IL        06/21,-15,DEBIT_CARD,2429.89,
DEBIT,06/21/2024,EXXON ROSELLE GAS & WAS ROSELLE IL           06/20,-24.86,DEBIT_CARD,2444.89,
DEBIT,06/20/2024,EXXON ROSELLE GAS & WAS ROSELLE IL           06/19,-28.28,DEBIT_CARD,2469.75,
DEBIT,06/20/2024,JET BRITE #1 855-047-7927 IL                 06/19,-30,DEBIT_CARD,2498.03,
DEBIT,06/20/2024,EXXON ROSELLE GAS & WAS ROSELLE IL           06/18,-18.11,DEBIT_CARD,2528.03,
CREDIT,06/20/2024,STRIPE           Lyft 06-18 ST-L9D6E2W6D0G6 CCD ID: 4270465600,1348.69,ACH_CREDIT,2546.14,
DEBIT,06/18/2024,EXXON ROSELLE GAS & WAS ROSELLE IL           06/17,-31.28,DEBIT_CARD,1197.45,
DEBIT,06/17/2024,DOLLARTREE ELK GROVE VIL IL                  06/16,-2.75,DEBIT_CARD,1228.73,
DEBIT,06/17/2024,IL TOLLWAY-AUTOREPLEN 800-824-7277 IL        06/15,-15,DEBIT_CARD,1231.48,
DEBIT,06/17/2024,EXXON ROSELLE GAS & WAS ROSELLE IL           06/15,-23.12,DEBIT_CARD,1246.48,
DEBIT,06/17/2024,EXXON ROSELLE GAS & WAS ROSELLE IL           06/14,-21.8,DEBIT_CARD,1269.6,
DEBIT,06/14/2024,EXXON ROSELLE GAS & WAS ROSELLE IL           06/13,-22.52,DEBIT_CARD,1291.4,
DEBIT,06/13/2024,EXXON ROSELLE GAS & WAS ROSELLE IL           06/12,-22.02,DEBIT_CARD,1313.92,
DEBIT,06/12/2024,EXXON ROSELLE GAS & WAS ROSELLE IL           06/11,-10.96,DEBIT_CARD,1335.94,
CREDIT,06/12/2024,STRIPE           Lyft 06-11 ST-Q5V7J3R3Z8L7 CCD ID: 4270465600,1101.72,ACH_CREDIT,1346.9,
DEBIT,06/11/2024,EXXON ROSELLE GAS & WAS ROSELLE IL           06/10,-31.62,DEBIT_CARD,245.18,
DEBIT,06/10/2024,eBay O*24-11678-44593 408-3766151 CA         06/10,-13,DEBIT_CARD,276.8,
DEBIT,06/10/2024,eBay O*21-11666-35381 408-3766151 CA         06/10,-42.99,DEBIT_CARD,289.8,
DEBIT,06/10/2024,IL TOLLWAY-AUTOREPLEN 800-824-7277 IL        06/09,-15,DEBIT_CARD,332.79,
DEBIT,06/10/2024,EXXON ROSELLE GAS & WAS ROSELLE IL           06/08,-24.83,DEBIT_CARD,347.79,
DEBIT,06/10/2024,EXXON ROSELLE GAS & WAS ROSELLE IL           06/07,-21.55,DEBIT_CARD,372.62,